date,state_abbr,state_full_name,positive,negative,pending,hospitalized,death,total,dateChecked
20200321,AK,Alaska,14,758,,0,,772,2020-03-21T20:00:00Z
20200321,AL,Alabama,124,28,,,0,152,2020-03-21T20:00:00Z
20200321,AR,Arkansas,118,567,154,,,839,2020-03-21T20:00:00Z
20200321,AS,American Samoa,,,,,0,0,2020-03-21T20:00:00Z
20200321,AZ,Arizona,104,240,122,,1,466,2020-03-21T20:00:00Z
20200321,CA,California,1279,11249,,,24,12528,2020-03-21T20:00:00Z
20200321,CO,Colorado,363,3317,,44,4,3680,2020-03-21T20:00:00Z
20200321,CT,Connecticut,194,2106,,,4,2300,2020-03-21T20:00:00Z
20200321,DC,Dist. of Columbia,77,506,0,,1,583,2020-03-21T20:00:00Z
20200321,DE,Delaware,45,36,,,0,81,2020-03-21T20:00:00Z
20200321,FL,Florida,658,6579,1002,158,12,8239,2020-03-21T20:00:00Z
20200321,GA,Georgia,507,2557,,,14,3064,2020-03-21T20:00:00Z
20200321,GU,Guam,15,108,,,,123,2020-03-21T20:00:00Z
20200321,HI,Hawaii,37,124,9,,,170,2020-03-21T20:00:00Z
20200321,IA,Iowa,68,1049,,,,1117,2020-03-21T20:00:00Z
20200321,ID,Idaho,31,880,,,,911,2020-03-21T20:00:00Z
20200321,IL,Illinois,759,5488,,,6,6247,2020-03-21T20:00:00Z
20200321,IN,Indiana,126,707,,1,4,833,2020-03-21T20:00:00Z
20200321,KS,Kansas,55,417,,,2,472,2020-03-21T20:00:00Z
20200321,KY,Kentucky,54,714,,,2,768,2020-03-21T20:00:00Z
20200321,LA,Louisiana,585,2180,,,16,2765,2020-03-21T20:00:00Z
20200321,MA,Massachusetts,525,4752,,61,1,5277,2020-03-21T20:00:00Z
20200321,MD,Maryland,190,94,,,2,284,2020-03-21T20:00:00Z
20200321,ME,Maine,73,2264,,,,2337,2020-03-21T20:00:00Z
20200321,MI,Michigan,787,2069,,,5,2856,2020-03-21T20:00:00Z
20200321,MN,Minnesota,138,3952,,,1,4090,2020-03-21T20:00:00Z
20200321,MO,Missouri,73,369,,,3,442,2020-03-21T20:00:00Z
20200321,MP,Northern Marianas,0,,,,0,0,2020-03-21T20:00:00Z
20200321,MS,Mississippi,140,695,,,1,835,2020-03-21T20:00:00Z
20200321,MT,Montana,20,1146,,,,1166,2020-03-21T20:00:00Z
20200321,NC,North Carolina,184,5092,,,0,5276,2020-03-21T20:00:00Z
20200321,ND,North Dakota,28,1141,,3,0,1169,2020-03-21T20:00:00Z
20200321,NE,Nebraska,38,356,,,0,394,2020-03-21T20:00:00Z
20200321,NH,New Hampshire,55,973,942,,,1970,2020-03-21T20:00:00Z
20200321,NJ,New Jersey,1327,294,40,,16,1661,2020-03-21T20:00:00Z
20200321,NM,New Mexico,57,3771,,,,3828,2020-03-21T20:00:00Z
20200321,NV,Nevada,124,2384,,,2,2508,2020-03-21T20:00:00Z
20200321,NY,New York,10356,35081,,1603,44,45437,2020-03-21T20:00:00Z
20200321,OH,Ohio,247,140,,58,3,387,2020-03-21T20:00:00Z
20200321,OK,Oklahoma,53,560,144,10,1,757,2020-03-21T20:00:00Z
20200321,OR,Oregon,114,2003,433,,3,2550,2020-03-21T20:00:00Z
20200321,PA,Pennsylvania,371,3766,,,2,4137,2020-03-21T20:00:00Z
20200321,PR,Puerto Rico,21,143,71,,,235,2020-03-21T20:00:00Z
20200321,RI,Rhode Island,66,862,290,,,1218,2020-03-21T20:00:00Z
20200321,SC,South Carolina,152,1255,,,1,1407,2020-03-21T20:00:00Z
20200321,SD,South Dakota,14,691,268,,1,973,2020-03-21T20:00:00Z
20200321,TN,Tennessee,371,3272,,,,3643,2020-03-21T20:00:00Z
20200321,TX,Texas,304,6218,,,5,6522,2020-03-21T20:00:00Z
20200321,UT,Utah,136,2424,,,0,2560,2020-03-21T20:00:00Z
20200321,VA,Virginia,152,2638,,25,2,2790,2020-03-21T20:00:00Z
20200321,VI,Virgin Islands,6,,,,0,6,2020-03-21T20:00:00Z
20200321,VT,Vermont,29,779,,,2,808,2020-03-21T20:00:00Z
20200321,WA,Washington,1524,21719,,,83,23243,2020-03-21T20:00:00Z
20200321,WI,Wisconsin,281,4628,,,4,4909,2020-03-21T20:00:00Z
20200321,WV,West Virginia,11,330,2,1,0,343,2020-03-21T20:00:00Z
20200321,WY,Wyoming,23,438,,,,461,2020-03-21T20:00:00Z
20200320,AK,Alaska,12,686,,,,698,2020-03-20T20:00:00Z
20200320,AL,Alabama,81,28,,,0,109,2020-03-20T20:00:00Z
20200320,AR,Arkansas,96,351,203,,,650,2020-03-20T20:00:00Z
20200320,AS,American Samoa,0,,,,0,0,2020-03-20T20:00:00Z
20200320,AZ,Arizona,65,211,101,,0,377,2020-03-20T20:00:00Z
20200320,CA,California,1063,10424,,,20,11487,2020-03-20T20:00:00Z
20200320,CO,Colorado,277,2675,,,3,2952,2020-03-20T20:00:00Z
20200320,CT,Connecticut,194,604,,,3,798,2020-03-20T20:00:00Z
20200320,DC,Dist. of Columbia,71,501,1,,1,573,2020-03-20T20:00:00Z
20200320,DE,Delaware,38,36,,,0,74,2020-03-20T20:00:00Z
20200320,FL,Florida,520,1870,1026,,10,3416,2020-03-20T20:00:00Z
20200320,GA,Georgia,420,1966,,,13,2386,2020-03-20T20:00:00Z
20200320,GU,Guam,14,86,,,,100,2020-03-20T20:00:00Z
20200320,HI,Hawaii,26,124,9,,,159,2020-03-20T20:00:00Z
20200320,IA,Iowa,45,642,,,,687,2020-03-20T20:00:00Z
20200320,ID,Idaho,23,590,,,,613,2020-03-20T20:00:00Z
20200320,IL,Illinois,590,3696,,,5,4286,2020-03-20T20:00:00Z
20200320,IN,Indiana,79,475,,,2,554,2020-03-20T20:00:00Z
20200320,KS,Kansas,44,417,,,1,461,2020-03-20T20:00:00Z
20200320,KY,Kentucky,47,592,,,1,639,2020-03-20T20:00:00Z
20200320,LA,Louisiana,479,568,,,12,1047,2020-03-20T20:00:00Z
20200320,MA,Massachusetts,413,3678,,,1,4091,2020-03-20T20:00:00Z
20200320,MD,Maryland,149,94,,,1,243,2020-03-20T20:00:00Z
20200320,ME,Maine,57,2264,,,,2321,2020-03-20T20:00:00Z
20200320,MI,Michigan,549,2069,,,3,2618,2020-03-20T20:00:00Z
20200320,MN,Minnesota,115,3741,,,,3856,2020-03-20T20:00:00Z
20200320,MO,Missouri,47,369,,,1,416,2020-03-20T20:00:00Z
20200320,MP,Northern Marianas,0,,,,0,0,2020-03-20T20:00:00Z
20200320,MS,Mississippi,80,695,,,1,775,2020-03-20T20:00:00Z
20200320,MT,Montana,16,931,,,,947,2020-03-20T20:00:00Z
20200320,NC,North Carolina,137,3096,,,0,3233,2020-03-20T20:00:00Z
20200320,ND,North Dakota,20,800,,,0,820,2020-03-20T20:00:00Z
20200320,NE,Nebraska,32,240,,,0,272,2020-03-20T20:00:00Z
20200320,NH,New Hampshire,44,745,631,,,1420,2020-03-20T20:00:00Z
20200320,NJ,New Jersey,890,264,86,,11,1240,2020-03-20T20:00:00Z
20200320,NM,New Mexico,43,3771,,,,3814,2020-03-20T20:00:00Z
20200320,NV,Nevada,109,1992,-3,,1,2098,2020-03-20T20:00:00Z
20200320,NY,New York,7102,25325,,,35,32427,2020-03-20T20:00:00Z
20200320,OH,Ohio,169,140,,,1,309,2020-03-20T20:00:00Z
20200320,OK,Oklahoma,49,538,374,,1,961,2020-03-20T20:00:00Z
20200320,OR,Oregon,114,2003,433,,3,2550,2020-03-20T20:00:00Z
20200320,PA,Pennsylvania,268,2574,,,1,2842,2020-03-20T20:00:00Z
20200320,PR,Puerto Rico,14,114,52,,,180,2020-03-20T20:00:00Z
20200320,RI,Rhode Island,54,654,140,,,848,2020-03-20T20:00:00Z
20200320,SC,South Carolina,81,833,,,1,914,2020-03-20T20:00:00Z
20200320,SD,South Dakota,14,663,270,,1,947,2020-03-20T20:00:00Z
20200320,TN,Tennessee,228,563,,,,791,2020-03-20T20:00:00Z
20200320,TX,Texas,194,5083,,,5,5277,2020-03-20T20:00:00Z
20200320,UT,Utah,112,2035,,,0,2147,2020-03-20T20:00:00Z
20200320,VA,Virginia,114,2211,,,2,2325,2020-03-20T20:00:00Z
20200320,VI,Virgin Islands,3,,,,0,3,2020-03-20T20:00:00Z
20200320,VT,Vermont,29,779,,,2,808,2020-03-20T20:00:00Z
20200320,WA,Washington,1376,19336,,,74,20712,2020-03-20T20:00:00Z
20200320,WI,Wisconsin,206,3455,,,3,3661,2020-03-20T20:00:00Z
20200320,WV,West Virginia,7,219,13,,0,239,2020-03-20T20:00:00Z
20200320,WY,Wyoming,19,331,,,,350,2020-03-20T20:00:00Z
20200319,AK,Alaska,6,400,,,,406,2020-03-19T20:00:00Z
20200319,AL,Alabama,68,28,,,0,96,2020-03-19T20:00:00Z
20200319,AR,Arkansas,46,310,113,,,469,2020-03-19T20:00:00Z
20200319,AS,American Samoa,0,,,,0,0,2020-03-19T20:00:00Z
20200319,AZ,Arizona,44,175,130,,0,349,2020-03-19T20:00:00Z
20200319,CA,California,924,8787,,,18,9711,2020-03-19T20:00:00Z
20200319,CO,Colorado,216,2112,,,2,2328,2020-03-19T20:00:00Z
20200319,CT,Connecticut,96,604,,,1,700,2020-03-19T20:00:00Z
20200319,DC,Dist. of Columbia,39,153,11,,0,203,2020-03-19T20:00:00Z
20200319,DE,Delaware,30,36,,,0,66,2020-03-19T20:00:00Z
20200319,FL,Florida,390,1533,1019,,8,2942,2020-03-19T20:00:00Z
20200319,GA,Georgia,287,1544,,,10,1831,2020-03-19T20:00:00Z
20200319,GU,Guam,12,69,,,,81,2020-03-19T20:00:00Z
20200319,HI,Hawaii,16,93,9,,,118,2020-03-19T20:00:00Z
20200319,IA,Iowa,38,83,,,,121,2020-03-19T20:00:00Z
20200319,ID,Idaho,11,457,,,,468,2020-03-19T20:00:00Z
20200319,IL,Illinois,426,2725,,,4,3151,2020-03-19T20:00:00Z
20200319,IN,Indiana,56,324,,,2,380,2020-03-19T20:00:00Z
20200319,KS,Kansas,34,417,,,1,451,2020-03-19T20:00:00Z
20200319,KY,Kentucky,35,454,,,1,489,2020-03-19T20:00:00Z
20200319,LA,Louisiana,347,458,,,8,805,2020-03-19T20:00:00Z
20200319,MA,Massachusetts,328,2804,,,,3132,2020-03-19T20:00:00Z
20200319,MD,Maryland,107,94,,,1,201,2020-03-19T20:00:00Z
20200319,ME,Maine,53,2004,,,,2057,2020-03-19T20:00:00Z
20200319,MI,Michigan,336,2113,,,3,2449,2020-03-19T20:00:00Z
20200319,MN,Minnesota,89,2949,,,,3038,2020-03-19T20:00:00Z
20200319,MO,Missouri,24,308,,,1,332,2020-03-19T20:00:00Z
20200319,MP,Northern Marianas,0,,,,0,0,2020-03-19T20:00:00Z
20200319,MS,Mississippi,50,552,,,,602,2020-03-19T20:00:00Z
20200319,MT,Montana,12,761,0,,,773,2020-03-19T20:00:00Z
20200319,NC,North Carolina,97,2408,,,0,2505,2020-03-19T20:00:00Z
20200319,ND,North Dakota,15,493,,,0,508,2020-03-19T20:00:00Z
20200319,NE,Nebraska,27,240,,,0,267,2020-03-19T20:00:00Z
20200319,NH,New Hampshire,39,621,231,,,891,2020-03-19T20:00:00Z
20200319,NJ,New Jersey,742,210,74,,9,1026,2020-03-19T20:00:00Z
20200319,NM,New Mexico,35,2762,,,,2797,2020-03-19T20:00:00Z
20200319,NV,Nevada,95,1626,,,1,1721,2020-03-19T20:00:00Z
20200319,NY,New York,4152,18132,,,12,22284,2020-03-19T20:00:00Z
20200319,OH,Ohio,119,140,,,,259,2020-03-19T20:00:00Z
20200319,OK,Oklahoma,44,466,250,,1,760,2020-03-19T20:00:00Z
20200319,OR,Oregon,88,1329,437,,3,1854,2020-03-19T20:00:00Z
20200319,PA,Pennsylvania,185,1608,,,1,1793,2020-03-19T20:00:00Z
20200319,PR,Puerto Rico,5,56,29,,,90,2020-03-19T20:00:00Z
20200319,RI,Rhode Island,33,540,334,,,907,2020-03-19T20:00:00Z
20200319,SC,South Carolina,60,583,,,1,643,2020-03-19T20:00:00Z
20200319,SD,South Dakota,11,551,385,,1,947,2020-03-19T20:00:00Z
20200319,TN,Tennessee,154,349,,,,503,2020-03-19T20:00:00Z
20200319,TX,Texas,143,2212,,,3,2355,2020-03-19T20:00:00Z
20200319,UT,Utah,78,1448,,,0,1526,2020-03-19T20:00:00Z
20200319,VA,Virginia,94,1829,,,2,1923,2020-03-19T20:00:00Z
20200319,VI,Virgin Islands,3,,,,0,3,2020-03-19T20:00:00Z
20200319,VT,Vermont,22,645,,,,667,2020-03-19T20:00:00Z
20200319,WA,Washington,1187,15918,,,66,17105,2020-03-19T20:00:00Z
20200319,WI,Wisconsin,155,2192,,,,2347,2020-03-19T20:00:00Z
20200319,WV,West Virginia,2,143,3,,0,148,2020-03-19T20:00:00Z
20200319,WY,Wyoming,18,271,,,,289,2020-03-19T20:00:00Z
20200318,AK,Alaska,6,406,,,,412,2020-03-18T20:00:00Z
20200318,AL,Alabama,46,28,,,0,74,2020-03-18T20:00:00Z
20200318,AR,Arkansas,33,236,50,,,319,2020-03-18T20:00:00Z
20200318,AZ,Arizona,28,148,102,,0,278,2020-03-18T20:00:00Z
20200318,CA,California,611,7981,,,13,8592,2020-03-18T20:00:00Z
20200318,CO,Colorado,183,1617,,,2,1800,2020-03-18T20:00:00Z
20200318,CT,Connecticut,68,125,,,,193,2020-03-18T20:00:00Z
20200318,DC,Dist. of Columbia,31,138,1,,,170,2020-03-18T20:00:00Z
20200318,DE,Delaware,25,36,,,,61,2020-03-18T20:00:00Z
20200318,FL,Florida,314,1225,954,,7,2493,2020-03-18T20:00:00Z
20200318,GA,Georgia,197,1311,,,1,1508,2020-03-18T20:00:00Z
20200318,HI,Hawaii,14,93,12,,,119,2020-03-18T20:00:00Z
20200318,IA,Iowa,29,83,,,,112,2020-03-18T20:00:00Z
20200318,ID,Idaho,9,459,,,,468,2020-03-18T20:00:00Z
20200318,IL,Illinois,289,1763,,,1,2052,2020-03-18T20:00:00Z
20200318,IN,Indiana,39,154,,,2,193,2020-03-18T20:00:00Z
20200318,KS,Kansas,16,417,,,1,433,2020-03-18T20:00:00Z
20200318,KY,Kentucky,26,354,,,1,380,2020-03-18T20:00:00Z
20200318,LA,Louisiana,240,335,,,6,575,2020-03-18T20:00:00Z
20200318,MA,Massachusetts,256,2015,,,,2271,2020-03-18T20:00:00Z
20200318,MD,Maryland,85,94,,,,179,2020-03-18T20:00:00Z
20200318,ME,Maine,43,1670,,,,1713,2020-03-18T20:00:00Z
20200318,MI,Michigan,80,272,,,,352,2020-03-18T20:00:00Z
20200318,MN,Minnesota,77,2685,,,,2762,2020-03-18T20:00:00Z
20200318,MO,Missouri,13,253,,,0,266,2020-03-18T20:00:00Z
20200318,MS,Mississippi,34,479,,,,513,2020-03-18T20:00:00Z
20200318,MT,Montana,10,499,0,,,509,2020-03-18T20:00:00Z
20200318,NC,North Carolina,63,1787,,,0,1850,2020-03-18T20:00:00Z
20200318,ND,North Dakota,6,268,,,0,274,2020-03-18T20:00:00Z
20200318,NE,Nebraska,24,206,,,,230,2020-03-18T20:00:00Z
20200318,NH,New Hampshire,26,513,208,,,747,2020-03-18T20:00:00Z
20200318,NJ,New Jersey,427,190,21,,5,638,2020-03-18T20:00:00Z
20200318,NM,New Mexico,28,2326,,,,2354,2020-03-18T20:00:00Z
20200318,NV,Nevada,55,168,,,1,223,2020-03-18T20:00:00Z
20200318,NY,New York,2382,12215,,,12,14597,2020-03-18T20:00:00Z
20200318,OH,Ohio,88,140,,,,228,2020-03-18T20:00:00Z
20200318,OK,Oklahoma,29,378,110,,,517,2020-03-18T20:00:00Z
20200318,OR,Oregon,75,1118,361,,3,1554,2020-03-18T20:00:00Z
20200318,PA,Pennsylvania,133,1187,,,,1320,2020-03-18T20:00:00Z
20200318,RI,Rhode Island,33,540,334,,,907,2020-03-18T20:00:00Z
20200318,SC,South Carolina,60,583,,,1,643,2020-03-18T20:00:00Z
20200318,SD,South Dakota,11,551,350,,1,913,2020-03-18T20:00:00Z
20200318,TN,Tennessee,98,349,,,,447,2020-03-18T20:00:00Z
20200318,TX,Texas,83,1824,,,2,1907,2020-03-18T20:00:00Z
20200318,UT,Utah,63,131,,,0,194,2020-03-18T20:00:00Z
20200318,VA,Virginia,77,1201,,,1,1278,2020-03-18T20:00:00Z
20200318,VT,Vermont,19,592,,,,611,2020-03-18T20:00:00Z
20200318,WA,Washington,1012,13117,,,52,14129,2020-03-18T20:00:00Z
20200318,WI,Wisconsin,106,1577,,,,1683,2020-03-18T20:00:00Z
20200318,WV,West Virginia,1,122,14,,0,137,2020-03-18T20:00:00Z
20200318,WY,Wyoming,15,178,,,,193,2020-03-18T20:00:00Z
20200318,PR,Puerto Rico,5,31,21,,,57,2020-03-18T20:00:00Z
20200318,VI,Virgin Islands,2,,,,0,2,2020-03-18T20:00:00Z
20200318,GU,Guam,8,57,,,,65,2020-03-18T20:00:00Z
20200318,MP,Northern Marianas,0,,,,0,0,2020-03-18T20:00:00Z
20200318,AS,American Samoa,0,,,,0,0,2020-03-18T20:00:00Z
20200317,AK,Alaska,3,334,,,,337,2020-03-17T20:00:00Z
20200317,AL,Alabama,36,28,,,0,64,2020-03-17T20:00:00Z
20200317,AR,Arkansas,22,197,41,,,260,2020-03-17T20:00:00Z
20200317,AZ,Arizona,20,142,66,,0,228,2020-03-17T20:00:00Z
20200317,CA,California,483,7981,,,11,8407,2020-03-17T20:00:00Z
20200317,CO,Colorado,160,1056,,,1,1216,2020-03-17T20:00:00Z
20200317,CT,Connecticut,41,125,,,,166,2020-03-17T20:00:00Z
20200317,DC,Dist. of Columbia,22,104,0,,,126,2020-03-17T20:00:00Z
20200317,DE,Delaware,16,36,,,,52,2020-03-17T20:00:00Z
20200317,FL,Florida,186,940,872,,6,1998,2020-03-17T20:00:00Z
20200317,GA,Georgia,146,,,,1,146,2020-03-17T20:00:00Z
20200317,HI,Hawaii,10,,,,,10,2020-03-17T20:00:00Z
20200317,IA,Iowa,23,83,,,,106,2020-03-17T20:00:00Z
20200317,ID,Idaho,7,346,,,,353,2020-03-17T20:00:00Z
20200317,IL,Illinois,160,1340,,,1,1500,2020-03-17T20:00:00Z
20200317,IN,Indiana,30,129,,,2,159,2020-03-17T20:00:00Z
20200317,KS,Kansas,15,382,,,1,397,2020-03-17T20:00:00Z
20200317,KY,Kentucky,22,295,,,1,317,2020-03-17T20:00:00Z
20200317,LA,Louisiana,171,286,,,4,457,2020-03-17T20:00:00Z
20200317,MA,Massachusetts,218,1541,,,,1759,2020-03-17T20:00:00Z
20200317,MD,Maryland,57,94,,,,151,2020-03-17T20:00:00Z
20200317,ME,Maine,32,1303,,,,1335,2020-03-17T20:00:00Z
20200317,MI,Michigan,65,272,,,,337,2020-03-17T20:00:00Z
20200317,MN,Minnesota,60,2276,,,,2336,2020-03-17T20:00:00Z
20200317,MO,Missouri,8,207,,,0,215,2020-03-17T20:00:00Z
20200317,MS,Mississippi,21,368,,,,389,2020-03-17T20:00:00Z
20200317,MT,Montana,8,303,0,,,311,2020-03-17T20:00:00Z
20200317,NC,North Carolina,40,474,,,0,514,2020-03-17T20:00:00Z
20200317,ND,North Dakota,3,220,0,,0,223,2020-03-17T20:00:00Z
20200317,NE,Nebraska,21,206,,,,227,2020-03-17T20:00:00Z
20200317,NH,New Hampshire,17,355,195,,,567,2020-03-17T20:00:00Z
20200317,NJ,New Jersey,267,163,55,,3,485,2020-03-17T20:00:00Z
20200317,NM,New Mexico,23,1249,,,,1272,2020-03-17T20:00:00Z
20200317,NV,Nevada,55,168,,,1,223,2020-03-17T20:00:00Z
20200317,NY,New York,1700,5506,,,7,7206,2020-03-17T20:00:00Z
20200317,OH,Ohio,67,140,,,,207,2020-03-17T20:00:00Z
20200317,OK,Oklahoma,17,247,82,,,346,2020-03-17T20:00:00Z
20200317,OR,Oregon,47,689,184,,,920,2020-03-17T20:00:00Z
20200317,PA,Pennsylvania,96,879,,,,975,2020-03-17T20:00:00Z
20200317,RI,Rhode Island,21,308,149,,,478,2020-03-17T20:00:00Z
20200317,SC,South Carolina,33,311,,,1,344,2020-03-17T20:00:00Z
20200317,SD,South Dakota,11,551,35,,,597,2020-03-17T20:00:00Z
20200317,TN,Tennessee,73,330,,,,403,2020-03-17T20:00:00Z
20200317,TX,Texas,64,1204,,,1,1268,2020-03-17T20:00:00Z
20200317,UT,Utah,51,131,,,0,182,2020-03-17T20:00:00Z
20200317,VA,Virginia,67,961,,,1,1028,2020-03-17T20:00:00Z
20200317,VT,Vermont,10,495,,,,505,2020-03-17T20:00:00Z
20200317,WA,Washington,904,11582,,,48,12486,2020-03-17T20:00:00Z
20200317,WI,Wisconsin,72,1038,,,,1110,2020-03-17T20:00:00Z
20200317,WV,West Virginia,0,80,4,,0,84,2020-03-17T20:00:00Z
20200317,WY,Wyoming,10,95,,,,105,2020-03-17T20:00:00Z
20200317,PR,Puerto Rico,5,13,4,,,22,2020-03-17T20:00:00Z
20200317,VI,Virgin Islands,2,,,,,2,2020-03-17T20:00:00Z
20200317,GU,Guam,5,41,,,,46,2020-03-17T20:00:00Z
20200317,MP,Northern Marianas,0,,,,,0,2020-03-17T20:00:00Z
20200317,AS,American Samoa,0,,,,,0,2020-03-17T20:00:00Z
20200316,AK,Alaska,1,143,,,,144,2020-03-16T20:00:00Z
20200316,AL,Alabama,28,28,40,,0,96,2020-03-16T20:00:00Z
20200316,AR,Arkansas,22,132,14,,,168,2020-03-16T20:00:00Z
20200316,AZ,Arizona,18,125,63,,0,206,2020-03-16T20:00:00Z
20200316,CA,California,335,7981,,,6,8316,2020-03-16T20:00:00Z
20200316,CO,Colorado,131,627,,,1,758,2020-03-16T20:00:00Z
20200316,CT,Connecticut,26,125,,,,151,2020-03-16T20:00:00Z
20200316,DC,Dist. of Columbia,17,96,7,,,120,2020-03-16T20:00:00Z
20200316,DE,Delaware,8,36,32,,,76,2020-03-16T20:00:00Z
20200316,FL,Florida,141,684,514,,4,1339,2020-03-16T20:00:00Z
20200316,GA,Georgia,121,,,,1,121,2020-03-16T20:00:00Z
20200316,HI,Hawaii,7,,,,,7,2020-03-16T20:00:00Z
20200316,IA,Iowa,22,83,,,,105,2020-03-16T20:00:00Z
20200316,ID,Idaho,5,265,,,,270,2020-03-16T20:00:00Z
20200316,IL,Illinois,93,932,,,,1025,2020-03-16T20:00:00Z
20200316,IN,Indiana,24,115,,,1,139,2020-03-16T20:00:00Z
20200316,KS,Kansas,11,166,,,1,177,2020-03-16T20:00:00Z
20200316,KY,Kentucky,21,234,,,1,255,2020-03-16T20:00:00Z
20200316,LA,Louisiana,114,188,,,2,302,2020-03-16T20:00:00Z
20200316,MA,Massachusetts,164,352,,,,516,2020-03-16T20:00:00Z
20200316,MD,Maryland,37,94,,,,131,2020-03-16T20:00:00Z
20200316,ME,Maine,17,764,,,,781,2020-03-16T20:00:00Z
20200316,MI,Michigan,53,272,30,,,355,2020-03-16T20:00:00Z
20200316,MN,Minnesota,54,1839,,,,1893,2020-03-16T20:00:00Z
20200316,MO,Missouri,6,164,,,0,170,2020-03-16T20:00:00Z
20200316,MS,Mississippi,12,277,,,,289,2020-03-16T20:00:00Z
20200316,MT,Montana,7,198,0,,,205,2020-03-16T20:00:00Z
20200316,NC,North Carolina,33,296,151,,0,480,2020-03-16T20:00:00Z
20200316,ND,North Dakota,1,123,0,,0,124,2020-03-16T20:00:00Z
20200316,NE,Nebraska,18,170,,,,188,2020-03-16T20:00:00Z
20200316,NH,New Hampshire,13,271,95,,,379,2020-03-16T20:00:00Z
20200316,NJ,New Jersey,178,120,20,,2,218,2020-03-16T20:00:00Z
20200316,NM,New Mexico,17,566,,,,583,2020-03-16T20:00:00Z
20200316,NV,Nevada,45,168,,,1,213,2020-03-16T20:00:00Z
20200316,NY,New York,950,4543,,,7,5493,2020-03-16T20:00:00Z
20200316,OH,Ohio,50,140,361,,,551,2020-03-16T20:00:00Z
20200316,OK,Oklahoma,10,174,29,,,213,2020-03-16T20:00:00Z
20200316,OR,Oregon,39,579,182,,,800,2020-03-16T20:00:00Z
20200316,PA,Pennsylvania,76,670,,,,746,2020-03-16T20:00:00Z
20200316,RI,Rhode Island,21,308,149,,,478,2020-03-16T20:00:00Z
20200316,SC,South Carolina,28,235,,,1,263,2020-03-16T20:00:00Z
20200316,SD,South Dakota,10,494,0,,,504,2020-03-16T20:00:00Z
20200316,TN,Tennessee,52,270,,,,322,2020-03-16T20:00:00Z
20200316,TX,Texas,57,,,,,57,2020-03-16T20:00:00Z
20200316,UT,Utah,39,131,,,0,170,2020-03-16T20:00:00Z
20200316,VA,Virginia,51,438,,,1,489,2020-03-16T20:00:00Z
20200316,VT,Vermont,8,421,,,,429,2020-03-16T20:00:00Z
20200316,WA,Washington,769,9451,,,42,10220,2020-03-16T20:00:00Z
20200316,WI,Wisconsin,47,504,,,,551,2020-03-16T20:00:00Z
20200316,WV,West Virginia,0,80,4,,0,84,2020-03-16T20:00:00Z
20200316,WY,Wyoming,3,,,,,3,2020-03-16T20:00:00Z
20200316,PR,Puerto Rico,5,9,,,,14,2020-03-16T20:00:00Z
20200316,VI,Virgin Islands,1,,,,,1,2020-03-16T20:00:00Z
20200316,GU,Guam,3,23,,,,26,2020-03-16T20:00:00Z
20200316,MP,Northern Marianas,0,,,,,0,2020-03-16T20:00:00Z
20200316,AS,American Samoa,0,,,,,0,2020-03-16T20:00:00Z
20200315,AK,Alaska,1,143,,,,144,2020-03-15T20:00:00Z
20200315,AL,Alabama,12,28,46,,0,86,2020-03-15T20:00:00Z
20200315,AR,Arkansas,16,103,30,,,149,2020-03-15T20:00:00Z
20200315,AZ,Arizona,12,121,50,,0,183,2020-03-15T20:00:00Z
20200315,CA,California,293,916,,,5,1209,2020-03-15T20:00:00Z
20200315,CO,Colorado,131,627,,,1,758,2020-03-15T20:00:00Z
20200315,CT,Connecticut,20,125,,,,145,2020-03-15T20:00:00Z
20200315,DC,Dist. of Columbia,16,79,20,,,115,2020-03-15T20:00:00Z
20200315,DE,Delaware,6,36,32,,,74,2020-03-15T20:00:00Z
20200315,FL,Florida,116,678,454,,4,1248,2020-03-15T20:00:00Z
20200315,GA,Georgia,99,,,,1,99,2020-03-15T20:00:00Z
20200315,HI,Hawaii,2,,,,,2,2020-03-15T20:00:00Z
20200315,IA,Iowa,18,83,,,,101,2020-03-15T20:00:00Z
20200315,ID,Idaho,5,171,,,,176,2020-03-15T20:00:00Z
20200315,IL,Illinois,64,449,195,,,708,2020-03-15T20:00:00Z
20200315,IN,Indiana,19,102,,,0,121,2020-03-15T20:00:00Z
20200315,KS,Kansas,8,135,,,1,143,2020-03-15T20:00:00Z
20200315,KY,Kentucky,16,139,,,,155,2020-03-15T20:00:00Z
20200315,LA,Louisiana,91,156,,,2,247,2020-03-15T20:00:00Z
20200315,MA,Massachusetts,138,352,,,,490,2020-03-15T20:00:00Z
20200315,MD,Maryland,31,94,,,,125,2020-03-15T20:00:00Z
20200315,ME,Maine,3,91,17,,,111,2020-03-15T20:00:00Z
20200315,MI,Michigan,33,205,26,,,264,2020-03-15T20:00:00Z
20200315,MN,Minnesota,35,1387,,,,1422,2020-03-15T20:00:00Z
20200315,MO,Missouri,5,122,,,0,127,2020-03-15T20:00:00Z
20200315,MS,Mississippi,10,84,,,,94,2020-03-15T20:00:00Z
20200315,MT,Montana,7,103,57,,,167,2020-03-15T20:00:00Z
20200315,NC,North Carolina,32,227,151,,,410,2020-03-15T20:00:00Z
20200315,ND,North Dakota,1,95,4,,0,100,2020-03-15T20:00:00Z
20200315,NE,Nebraska,17,80,33,,,130,2020-03-15T20:00:00Z
20200315,NH,New Hampshire,13,271,95,,,379,2020-03-15T20:00:00Z
20200315,NJ,New Jersey,98,120,34,,2,252,2020-03-15T20:00:00Z
20200315,NM,New Mexico,13,482,,,,495,2020-03-15T20:00:00Z
20200315,NV,Nevada,21,168,164,,,353,2020-03-15T20:00:00Z
20200315,NY,New York,729,4543,,,3,5272,2020-03-15T20:00:00Z
20200315,OH,Ohio,36,139,350,,,525,2020-03-15T20:00:00Z
20200315,OK,Oklahoma,9,118,12,,,139,2020-03-15T20:00:00Z
20200315,OR,Oregon,36,420,225,,,681,2020-03-15T20:00:00Z
20200315,PA,Pennsylvania,63,205,183,,,451,2020-03-15T20:00:00Z
20200315,RI,Rhode Island,20,198,57,,,275,2020-03-15T20:00:00Z
20200315,SC,South Carolina,19,154,,,,173,2020-03-15T20:00:00Z
20200315,SD,South Dakota,9,327,6,,,342,2020-03-15T20:00:00Z
20200315,TN,Tennessee,39,157,,,,196,2020-03-15T20:00:00Z
20200315,TX,Texas,56,,,,,56,2020-03-15T20:00:00Z
20200315,UT,Utah,28,131,,,0,159,2020-03-15T20:00:00Z
20200315,VA,Virginia,45,363,,,1,408,2020-03-15T20:00:00Z
20200315,VT,Vermont,4,348,,,,352,2020-03-15T20:00:00Z
20200315,WA,Washington,642,7122,,,40,7764,2020-03-15T20:00:00Z
20200315,WI,Wisconsin,33,313,,,,346,2020-03-15T20:00:00Z
20200315,WV,West Virginia,0,38,1,,0,39,2020-03-15T20:00:00Z
20200315,WY,Wyoming,3,,,,,3,2020-03-15T20:00:00Z
20200314,AK,Alaska,1,143,,,,144,2020-03-14T20:00:00Z
20200314,AL,Alabama,6,22,46,,,74,2020-03-14T20:00:00Z
20200314,AR,Arkansas,12,65,26,,,103,2020-03-14T20:00:00Z
20200314,AZ,Arizona,12,121,50,,0,183,2020-03-14T20:00:00Z
20200314,CA,California,252,916,,,5,1168,2020-03-14T20:00:00Z
20200314,CO,Colorado,101,610,,,1,711,2020-03-14T20:00:00Z
20200314,CT,Connecticut,11,125,,,,136,2020-03-14T20:00:00Z
20200314,DC,Dist. of Columbia,10,49,10,,,69,2020-03-14T20:00:00Z
20200314,DE,Delaware,6,36,32,,,74,2020-03-14T20:00:00Z
20200314,FL,Florida,77,478,221,,3,776,2020-03-14T20:00:00Z
20200314,GA,Georgia,66,,,,1,66,2020-03-14T20:00:00Z
20200314,HI,Hawaii,2,,,,,2,2020-03-14T20:00:00Z
20200314,IA,Iowa,17,83,,,,100,2020-03-14T20:00:00Z
20200314,ID,Idaho,2,174,,,,176,2020-03-14T20:00:00Z
20200314,IL,Illinois,46,316,82,,,444,2020-03-14T20:00:00Z
20200314,IN,Indiana,15,74,,,0,89,2020-03-14T20:00:00Z
20200314,KS,Kansas,6,93,,,1,100,2020-03-14T20:00:00Z
20200314,KY,Kentucky,14,139,,,,153,2020-03-14T20:00:00Z
20200314,LA,Louisiana,69,109,,,,178,2020-03-14T20:00:00Z
20200314,MA,Massachusetts,138,352,,,,490,2020-03-14T20:00:00Z
20200314,MD,Maryland,26,94,,,,120,2020-03-14T20:00:00Z
20200314,ME,Maine,3,91,17,,,111,2020-03-14T20:00:00Z
20200314,MI,Michigan,25,205,26,,,256,2020-03-14T20:00:00Z
20200314,MN,Minnesota,21,847,,,,868,2020-03-14T20:00:00Z
20200314,MO,Missouri,4,90,,,0,94,2020-03-14T20:00:00Z
20200314,MS,Mississippi,6,84,,,,90,2020-03-14T20:00:00Z
20200314,MT,Montana,5,103,,,,108,2020-03-14T20:00:00Z
20200314,NC,North Carolina,23,137,,,,160,2020-03-14T20:00:00Z
20200314,ND,North Dakota,1,54,14,,0,69,2020-03-14T20:00:00Z
20200314,NE,Nebraska,14,80,33,,,127,2020-03-14T20:00:00Z
20200314,NH,New Hampshire,7,212,31,,,250,2020-03-14T20:00:00Z
20200314,NJ,New Jersey,50,97,80,,1,227,2020-03-14T20:00:00Z
20200314,NM,New Mexico,10,237,,,,247,2020-03-14T20:00:00Z
20200314,NV,Nevada,20,168,,,,188,2020-03-14T20:00:00Z
20200314,NY,New York,524,2779,,,,3303,2020-03-14T20:00:00Z
20200314,OH,Ohio,13,50,159,,,222,2020-03-14T20:00:00Z
20200314,OK,Oklahoma,4,36,37,,,77,2020-03-14T20:00:00Z
20200314,OR,Oregon,30,337,157,,,524,2020-03-14T20:00:00Z
20200314,PA,Pennsylvania,47,205,150,,,402,2020-03-14T20:00:00Z
20200314,RI,Rhode Island,20,198,57,,,275,2020-03-14T20:00:00Z
20200314,SC,South Carolina,13,110,,,,123,2020-03-14T20:00:00Z
20200314,SD,South Dakota,9,182,3,,,194,2020-03-14T20:00:00Z
20200314,TN,Tennessee,32,130,,,,162,2020-03-14T20:00:00Z
20200314,TX,Texas,51,,,,,51,2020-03-14T20:00:00Z
20200314,UT,Utah,6,131,,,,137,2020-03-14T20:00:00Z
20200314,VA,Virginia,30,117,,,,147,2020-03-14T20:00:00Z
20200314,VT,Vermont,4,227,,,,231,2020-03-14T20:00:00Z
20200314,WA,Washington,568,6001,,,37,6569,2020-03-14T20:00:00Z
20200314,WI,Wisconsin,19,169,,,,188,2020-03-14T20:00:00Z
20200314,WV,West Virginia,0,26,5,,,31,2020-03-14T20:00:00Z
20200314,WY,Wyoming,2,,,,,2,2020-03-14T20:00:00Z
20200313,AK,Alaska,1,59,,,,60,2020-03-13T20:00:00Z
20200313,AL,Alabama,1,11,,,,12,2020-03-13T20:00:00Z
20200313,AR,Arkansas,9,30,22,,,61,2020-03-13T20:00:00Z
20200313,AZ,Arizona,9,94,40,,0,143,2020-03-13T20:00:00Z
20200313,CA,California,202,916,,,4,1118,2020-03-13T20:00:00Z
20200313,CO,Colorado,72,524,,,,596,2020-03-13T20:00:00Z
20200313,CT,Connecticut,6,99,,,,105,2020-03-13T20:00:00Z
20200313,DC,Dist. of Columbia,10,20,,,,30,2020-03-13T20:00:00Z
20200313,DE,Delaware,4,30,10,,,44,2020-03-13T20:00:00Z
20200313,FL,Florida,50,478,221,,2,749,2020-03-13T20:00:00Z
20200313,GA,Georgia,42,,,,1,42,2020-03-13T20:00:00Z
20200313,HI,Hawaii,2,,,,,2,2020-03-13T20:00:00Z
20200313,IA,Iowa,16,83,29,,,128,2020-03-13T20:00:00Z
20200313,ID,Idaho,0,131,,,,131,2020-03-13T20:00:00Z
20200313,IL,Illinois,32,294,92,,,418,2020-03-13T20:00:00Z
20200313,IN,Indiana,12,61,,,,73,2020-03-13T20:00:00Z
20200313,KS,Kansas,6,93,,,,99,2020-03-13T20:00:00Z
20200313,KY,Kentucky,11,107,,,,118,2020-03-13T20:00:00Z
20200313,LA,Louisiana,36,37,,,,73,2020-03-13T20:00:00Z
20200313,MA,Massachusetts,123,92,,,,215,2020-03-13T20:00:00Z
20200313,MD,Maryland,17,94,,,,111,2020-03-13T20:00:00Z
20200313,ME,Maine,3,91,17,,,111,2020-03-13T20:00:00Z
20200313,MI,Michigan,16,133,26,,,175,2020-03-13T20:00:00Z
20200313,MN,Minnesota,14,541,,,,555,2020-03-13T20:00:00Z
20200313,MO,Missouri,2,71,,,,73,2020-03-13T20:00:00Z
20200313,MS,Mississippi,4,41,,,,45,2020-03-13T20:00:00Z
20200313,MT,Montana,1,55,,,,56,2020-03-13T20:00:00Z
20200313,NC,North Carolina,15,86,,,,101,2020-03-13T20:00:00Z
20200313,ND,North Dakota,1,39,12,,0,52,2020-03-13T20:00:00Z
20200313,NE,Nebraska,13,80,33,,,126,2020-03-13T20:00:00Z
20200313,NH,New Hampshire,6,94,21,,,121,2020-03-13T20:00:00Z
20200313,NJ,New Jersey,50,97,80,,1,227,2020-03-13T20:00:00Z
20200313,NM,New Mexico,10,190,,,,200,2020-03-13T20:00:00Z
20200313,NV,Nevada,11,168,,,,179,2020-03-13T20:00:00Z
20200313,NY,New York,421,2779,,,,3200,2020-03-13T20:00:00Z
20200313,OH,Ohio,13,50,159,,,222,2020-03-13T20:00:00Z
20200313,OK,Oklahoma,3,36,37,,,76,2020-03-13T20:00:00Z
20200313,OR,Oregon,30,337,157,,,524,2020-03-13T20:00:00Z
20200313,PA,Pennsylvania,33,140,130,,,303,2020-03-13T20:00:00Z
20200313,RI,Rhode Island,14,142,29,,,185,2020-03-13T20:00:00Z
20200313,SC,South Carolina,12,75,,,,87,2020-03-13T20:00:00Z
20200313,SD,South Dakota,9,73,11,,,93,2020-03-13T20:00:00Z
20200313,TN,Tennessee,26,116,,,,142,2020-03-13T20:00:00Z
20200313,TX,Texas,39,,,,,39,2020-03-13T20:00:00Z
20200313,UT,Utah,6,131,,,,137,2020-03-13T20:00:00Z
20200313,VA,Virginia,30,117,,,,147,2020-03-13T20:00:00Z
20200313,VT,Vermont,2,142,,,,144,2020-03-13T20:00:00Z
20200313,WA,Washington,457,4350,,,31,4807,2020-03-13T20:00:00Z
20200313,WI,Wisconsin,19,169,,,,188,2020-03-13T20:00:00Z
20200313,WV,West Virginia,0,17,4,,,21,2020-03-13T20:00:00Z
20200313,WY,Wyoming,1,,,,,1,2020-03-13T20:00:00Z
20200312,AK,Alaska,0,46,14,,,60,2020-03-12T20:00:00Z
20200312,AL,Alabama,0,10,,,,10,2020-03-12T20:00:00Z
20200312,AR,Arkansas,6,24,20,,,50,2020-03-12T20:00:00Z
20200312,AZ,Arizona,9,82,24,,,115,2020-03-12T20:00:00Z
20200312,CA,California,202,916,,,4,1118,2020-03-12T20:00:00Z
20200312,CO,Colorado,45,298,,,,343,2020-03-12T20:00:00Z
20200312,CT,Connecticut,6,89,,,,95,2020-03-12T20:00:00Z
20200312,DC,Dist. of Columbia,10,20,,,,30,2020-03-12T20:00:00Z
20200312,DE,Delaware,4,23,14,,,41,2020-03-12T20:00:00Z
20200312,FL,Florida,32,301,147,,2,480,2020-03-12T20:00:00Z
20200312,GA,Georgia,31,,,,,31,2020-03-12T20:00:00Z
20200312,HI,Hawaii,2,,,,,2,2020-03-12T20:00:00Z
20200312,IA,Iowa,14,67,24,,,105,2020-03-12T20:00:00Z
20200312,ID,Idaho,0,93,,,,93,2020-03-12T20:00:00Z
20200312,IL,Illinois,25,266,76,,,367,2020-03-12T20:00:00Z
20200312,IN,Indiana,12,52,,,,64,2020-03-12T20:00:00Z
20200312,KS,Kansas,4,41,,,,45,2020-03-12T20:00:00Z
20200312,KY,Kentucky,8,56,,,,64,2020-03-12T20:00:00Z
20200312,LA,Louisiana,14,37,,,,51,2020-03-12T20:00:00Z
20200312,MA,Massachusetts,95,,,,,95,2020-03-12T20:00:00Z
20200312,MD,Maryland,12,94,,,,106,2020-03-12T20:00:00Z
20200312,ME,Maine,1,65,20,,,86,2020-03-12T20:00:00Z
20200312,MI,Michigan,2,91,27,,,120,2020-03-12T20:00:00Z
20200312,MN,Minnesota,9,307,,,,316,2020-03-12T20:00:00Z
20200312,MO,Missouri,1,64,,,,65,2020-03-12T20:00:00Z
20200312,MS,Mississippi,1,41,,,,42,2020-03-12T20:00:00Z
20200312,MT,Montana,1,34,,,,35,2020-03-12T20:00:00Z
20200312,NC,North Carolina,12,60,,,,72,2020-03-12T20:00:00Z
20200312,ND,North Dakota,1,12,14,,,27,2020-03-12T20:00:00Z
20200312,NE,Nebraska,10,80,33,,,123,2020-03-12T20:00:00Z
20200312,NH,New Hampshire,6,94,21,,,121,2020-03-12T20:00:00Z
20200312,NJ,New Jersey,30,74,20,,1,124,2020-03-12T20:00:00Z
20200312,NM,New Mexico,5,155,,,,160,2020-03-12T20:00:00Z
20200312,NV,Nevada,7,168,,,,175,2020-03-12T20:00:00Z
20200312,NY,New York,216,,,,,216,2020-03-12T20:00:00Z
20200312,OH,Ohio,5,30,52,,,87,2020-03-12T20:00:00Z
20200312,OK,Oklahoma,3,36,4,,,43,2020-03-12T20:00:00Z
20200312,OR,Oregon,19,286,62,,,367,2020-03-12T20:00:00Z
20200312,PA,Pennsylvania,22,116,81,,,219,2020-03-12T20:00:00Z
20200312,RI,Rhode Island,5,94,8,,,107,2020-03-12T20:00:00Z
20200312,SC,South Carolina,10,48,,,,58,2020-03-12T20:00:00Z
20200312,SD,South Dakota,8,27,11,,,46,2020-03-12T20:00:00Z
20200312,TN,Tennessee,18,79,,,,97,2020-03-12T20:00:00Z
20200312,TX,Texas,23,,,,,23,2020-03-12T20:00:00Z
20200312,UT,Utah,4,131,,,,135,2020-03-12T20:00:00Z
20200312,VA,Virginia,17,117,,,,134,2020-03-12T20:00:00Z
20200312,VT,Vermont,2,97,,,,99,2020-03-12T20:00:00Z
20200312,WA,Washington,337,3037,,,29,3403,2020-03-12T20:00:00Z
20200312,WI,Wisconsin,8,84,,,,92,2020-03-12T20:00:00Z
20200312,WV,West Virginia,0,7,1,,,8,2020-03-12T20:00:00Z
20200312,WY,Wyoming,1,,,,,1,2020-03-12T20:00:00Z
20200311,AK,Alaska,0,46,14,,,60,2020-03-11T20:00:00Z
20200311,AL,Alabama,0,10,,,,10,2020-03-11T20:00:00Z
20200311,AR,Arkansas,0,12,14,,,26,2020-03-11T20:00:00Z
20200311,AZ,Arizona,9,59,32,,,100,2020-03-11T20:00:00Z
20200311,CA,California,157,916,,,,1073,2020-03-11T20:00:00Z
20200311,CO,Colorado,28,251,,,,279,2020-03-11T20:00:00Z
20200311,CT,Connecticut,3,71,,,,74,2020-03-11T20:00:00Z
20200311,DC,Dist. of Columbia,4,20,15,,,39,2020-03-11T20:00:00Z
20200311,DE,Delaware,1,17,2,,,20,2020-03-11T20:00:00Z
20200311,FL,Florida,28,301,147,,2,476,2020-03-11T20:00:00Z
20200311,GA,Georgia,22,,,,,22,2020-03-11T20:00:00Z
20200311,HI,Hawaii,2,,,,,2,2020-03-11T20:00:00Z
20200311,IA,Iowa,13,46,27,,,86,2020-03-11T20:00:00Z
20200311,ID,Idaho,0,67,,,,67,2020-03-11T20:00:00Z
20200311,IL,Illinois,19,244,63,,,326,2020-03-11T20:00:00Z
20200311,IN,Indiana,10,33,,,,43,2020-03-11T20:00:00Z
20200311,KS,Kansas,1,41,,,,42,2020-03-11T20:00:00Z
20200311,KY,Kentucky,8,46,,,,54,2020-03-11T20:00:00Z
20200311,LA,Louisiana,6,37,,,,43,2020-03-11T20:00:00Z
20200311,MA,Massachusetts,92,,,,,92,2020-03-11T20:00:00Z
20200311,MD,Maryland,9,94,,,,103,2020-03-11T20:00:00Z
20200311,ME,Maine,0,42,5,,,47,2020-03-11T20:00:00Z
20200311,MI,Michigan,2,57,18,,,77,2020-03-11T20:00:00Z
20200311,MN,Minnesota,5,217,,,,222,2020-03-11T20:00:00Z
20200311,MO,Missouri,1,,,,,1,2020-03-11T20:00:00Z
20200311,MS,Mississippi,0,20,,,,20,2020-03-11T20:00:00Z
20200311,MT,Montana,0,21,,,,21,2020-03-11T20:00:00Z
20200311,NC,North Carolina,7,,,,,7,2020-03-11T20:00:00Z
20200311,ND,North Dakota,0,7,6,,,13,2020-03-11T20:00:00Z
20200311,NE,Nebraska,5,47,16,,,68,2020-03-11T20:00:00Z
20200311,NH,New Hampshire,4,38,5,,,47,2020-03-11T20:00:00Z
20200311,NJ,New Jersey,24,57,20,,1,100,2020-03-11T20:00:00Z
20200311,NM,New Mexico,3,87,,,,90,2020-03-11T20:00:00Z
20200311,NV,Nevada,5,168,,,,173,2020-03-11T20:00:00Z
20200311,NY,New York,216,,,,,216,2020-03-11T20:00:00Z
20200311,OH,Ohio,4,21,24,,,49,2020-03-11T20:00:00Z
20200311,OK,Oklahoma,2,15,11,,,28,2020-03-11T20:00:00Z
20200311,OR,Oregon,19,286,62,,,367,2020-03-11T20:00:00Z
20200311,PA,Pennsylvania,15,88,54,,,157,2020-03-11T20:00:00Z
20200311,RI,Rhode Island,5,58,24,,,87,2020-03-11T20:00:00Z
20200311,SC,South Carolina,9,32,,,,41,2020-03-11T20:00:00Z
20200311,SD,South Dakota,5,13,2,,,20,2020-03-11T20:00:00Z
20200311,TN,Tennessee,7,50,,,,57,2020-03-11T20:00:00Z
20200311,TX,Texas,21,,,,,21,2020-03-11T20:00:00Z
20200311,UT,Utah,2,,,,,2,2020-03-11T20:00:00Z
20200311,VA,Virginia,9,60,,,,69,2020-03-11T20:00:00Z
20200311,VT,Vermont,1,62,,,,63,2020-03-11T20:00:00Z
20200311,WA,Washington,267,2175,,,24,2466,2020-03-11T20:00:00Z
20200311,WI,Wisconsin,3,43,,,,46,2020-03-11T20:00:00Z
20200311,WV,West Virginia,0,3,2,,,5,2020-03-11T20:00:00Z
20200311,WY,Wyoming,0,,,,,0,2020-03-11T20:00:00Z
20200310,AK,Alaska,0,23,9,,,32,2020-03-10T20:00:00Z
20200310,AL,Alabama,0,0,0,,,0,2020-03-10T20:00:00Z
20200310,AR,Arkansas,0,12,3,,,15,2020-03-10T20:00:00Z
20200310,AZ,Arizona,6,51,27,,,84,2020-03-10T20:00:00Z
20200310,CA,California,133,690,,,,823,2020-03-10T20:00:00Z
20200310,CO,Colorado,12,142,1,,,155,2020-03-10T20:00:00Z
20200310,CT,Connecticut,2,54,,,,56,2020-03-10T20:00:00Z
20200310,DC,Dist. of Columbia,5,17,2,,,24,2020-03-10T20:00:00Z
20200310,DE,Delaware,0,17,3,,,20,2020-03-10T20:00:00Z
20200310,FL,Florida,19,222,155,,,396,2020-03-10T20:00:00Z
20200310,GA,Georgia,17,,,,,17,2020-03-10T20:00:00Z
20200310,HI,Hawaii,2,,,,,2,2020-03-10T20:00:00Z
20200310,IA,Iowa,8,32,11,,,51,2020-03-10T20:00:00Z
20200310,ID,Idaho,0,41,,,,41,2020-03-10T20:00:00Z
20200310,IL,Illinois,19,244,63,,,326,2020-03-10T20:00:00Z
20200310,IN,Indiana,6,30,,,,36,2020-03-10T20:00:00Z
20200310,KS,Kansas,1,17,21,,,39,2020-03-10T20:00:00Z
20200310,KY,Kentucky,6,28,,,,34,2020-03-10T20:00:00Z
20200310,LA,Louisiana,1,11,,,,12,2020-03-10T20:00:00Z
20200310,MA,Massachusetts,92,,,,,92,2020-03-10T20:00:00Z
20200310,MD,Maryland,6,89,,,,95,2020-03-10T20:00:00Z
20200310,ME,Maine,0,20,5,,,25,2020-03-10T20:00:00Z
20200310,MI,Michigan,0,39,24,,,63,2020-03-10T20:00:00Z
20200310,MN,Minnesota,3,132,,,,135,2020-03-10T20:00:00Z
20200310,MO,Missouri,1,,,,,1,2020-03-10T20:00:00Z
20200310,MS,Mississippi,0,,,,,0,2020-03-10T20:00:00Z
20200310,MT,Montana,0,15,,,,15,2020-03-10T20:00:00Z
20200310,NC,North Carolina,7,,,,,7,2020-03-10T20:00:00Z
20200310,ND,North Dakota,0,6,2,,,8,2020-03-10T20:00:00Z
20200310,NE,Nebraska,3,47,16,,,66,2020-03-10T20:00:00Z
20200310,NH,New Hampshire,4,38,5,,,47,2020-03-10T20:00:00Z
20200310,NJ,New Jersey,15,44,20,,,79,2020-03-10T20:00:00Z
20200310,NM,New Mexico,0,69,,,,69,2020-03-10T20:00:00Z
20200310,NV,Nevada,0,14,,,,14,2020-03-10T20:00:00Z
20200310,NY,New York,173,92,,,,265,2020-03-10T20:00:00Z
20200310,OH,Ohio,3,14,15,,,32,2020-03-10T20:00:00Z
20200310,OK,Oklahoma,2,15,11,,,28,2020-03-10T20:00:00Z
20200310,OR,Oregon,15,213,67,,,295,2020-03-10T20:00:00Z
20200310,PA,Pennsylvania,12,,,,,12,2020-03-10T20:00:00Z
20200310,RI,Rhode Island,3,53,6,,,62,2020-03-10T20:00:00Z
20200310,SC,South Carolina,7,24,,,,31,2020-03-10T20:00:00Z
20200310,SD,South Dakota,0,11,0,,,11,2020-03-10T20:00:00Z
20200310,TN,Tennessee,7,,,,,7,2020-03-10T20:00:00Z
20200310,TX,Texas,13,,,,,13,2020-03-10T20:00:00Z
20200310,UT,Utah,2,,,,,2,2020-03-10T20:00:00Z
20200310,VA,Virginia,8,53,,,,61,2020-03-10T20:00:00Z
20200310,VT,Vermont,1,40,,,,41,2020-03-10T20:00:00Z
20200310,WA,Washington,162,1110,,,,1272,2020-03-10T20:00:00Z
20200310,WI,Wisconsin,2,36,,,,38,2020-03-10T20:00:00Z
20200310,WV,West Virginia,0,2,3,,,5,2020-03-10T20:00:00Z
20200310,WY,Wyoming,0,0,0,,,0,2020-03-10T20:00:00Z
20200309,AK,Alaska,0,23,9,,,32,2020-03-09T20:00:00Z
20200309,AL,Alabama,0,,,,,0,2020-03-09T20:00:00Z
20200309,AR,Arkansas,0,12,0,,,12,2020-03-09T20:00:00Z
20200309,AZ,Arizona,5,44,7,,,56,2020-03-09T20:00:00Z
20200309,CA,California,114,690,,,,804,2020-03-09T20:00:00Z
20200309,CO,Colorado,9,133,,,,142,2020-03-09T20:00:00Z
20200309,CT,Connecticut,1,46,,,,47,2020-03-09T20:00:00Z
20200309,DC,Dist. of Columbia,1,14,3,,,18,2020-03-09T20:00:00Z
20200309,DE,Delaware,0,15,3,,,18,2020-03-09T20:00:00Z
20200309,FL,Florida,18,140,115,,,273,2020-03-09T20:00:00Z
20200309,GA,Georgia,12,,,,,12,2020-03-09T20:00:00Z
20200309,HI,Hawaii,2,,,,,2,2020-03-09T20:00:00Z
20200309,IA,Iowa,3,26,8,,,37,2020-03-09T20:00:00Z
20200309,ID,Idaho,0,41,,,,41,2020-03-09T20:00:00Z
20200309,IL,Illinois,7,191,44,,,242,2020-03-09T20:00:00Z
20200309,IN,Indiana,2,,,,,2,2020-03-09T20:00:00Z
20200309,KS,Kansas,1,11,0,,,12,2020-03-09T20:00:00Z
20200309,KY,Kentucky,4,17,,,,21,2020-03-09T20:00:00Z
20200309,LA,Louisiana,1,5,,,,6,2020-03-09T20:00:00Z
20200309,MA,Massachusetts,41,,,,,41,2020-03-09T20:00:00Z
20200309,MD,Maryland,5,73,,,,78,2020-03-09T20:00:00Z
20200309,ME,Maine,0,1,,,,1,2020-03-09T20:00:00Z
20200309,MI,Michigan,0,36,11,,,47,2020-03-09T20:00:00Z
20200309,MN,Minnesota,2,80,,,,82,2020-03-09T20:00:00Z
20200309,MO,Missouri,1,,,,,1,2020-03-09T20:00:00Z
20200309,MS,Mississippi,0,,,,,0,2020-03-09T20:00:00Z
20200309,MT,Montana,0,11,0,,,11,2020-03-09T20:00:00Z
20200309,NC,North Carolina,2,,,,,2,2020-03-09T20:00:00Z
20200309,ND,North Dakota,0,0,,,,0,2020-03-09T20:00:00Z
20200309,NE,Nebraska,3,36,9,,,48,2020-03-09T20:00:00Z
20200309,NH,New Hampshire,4,38,5,,,47,2020-03-09T20:00:00Z
20200309,NJ,New Jersey,11,35,14,,,60,2020-03-09T20:00:00Z
20200309,NM,New Mexico,0,57,0,,,57,2020-03-09T20:00:00Z
20200309,NV,Nevada,1,14,,,,15,2020-03-09T20:00:00Z
20200309,NY,New York,142,92,,,,234,2020-03-09T20:00:00Z
20200309,OH,Ohio,3,11,5,,,19,2020-03-09T20:00:00Z
20200309,OK,Oklahoma,1,8,10,,,19,2020-03-09T20:00:00Z
20200309,OR,Oregon,14,165,52,,,231,2020-03-09T20:00:00Z
20200309,PA,Pennsylvania,7,,,,,7,2020-03-09T20:00:00Z
20200309,RI,Rhode Island,3,53,6,,,62,2020-03-09T20:00:00Z
20200309,SC,South Carolina,7,24,,,,31,2020-03-09T20:00:00Z
20200309,SD,South Dakota,0,5,0,,,5,2020-03-09T20:00:00Z
20200309,TN,Tennessee,3,,,,,3,2020-03-09T20:00:00Z
20200309,TX,Texas,12,,,,,12,2020-03-09T20:00:00Z
20200309,UT,Utah,1,,,,,1,2020-03-09T20:00:00Z
20200309,VA,Virginia,3,38,9,,,50,2020-03-09T20:00:00Z
20200309,VT,Vermont,1,34,,,,35,2020-03-09T20:00:00Z
20200309,WA,Washington,136,1110,,,,1246,2020-03-09T20:00:00Z
20200309,WI,Wisconsin,1,36,,,,37,2020-03-09T20:00:00Z
20200309,WV,West Virginia,0,2,3,,,5,2020-03-09T20:00:00Z
20200309,WY,Wyoming,0,,,,,0,2020-03-09T20:00:00Z
20200308,NY,New York,105,92,,,,197,2020-03-08T20:00:00Z
20200308,WA,Washington,102,640,60,,,802,2020-03-08T20:00:00Z
20200308,CA,California,88,462,,,,550,2020-03-08T20:00:00Z
20200308,FL,Florida,17,118,108,,,243,2020-03-08T20:00:00Z
20200308,OR,Oregon,14,100,53,,,167,2020-03-08T20:00:00Z
20200308,MA,Massachusetts,13,,,,,13,2020-03-08T20:00:00Z
20200308,CO,Colorado,8,104,,,,112,2020-03-08T20:00:00Z
20200308,TX,Texas,8,,,,,8,2020-03-08T20:00:00Z
20200308,GA,Georgia,7,,,,,7,2020-03-08T20:00:00Z
20200308,IL,Illinois,6,191,44,,,241,2020-03-08T20:00:00Z
20200308,NJ,New Jersey,6,31,0,,,37,2020-03-08T20:00:00Z
20200308,AZ,Arizona,5,44,7,,,56,2020-03-08T20:00:00Z
20200308,NH,New Hampshire,4,38,5,,,47,2020-03-08T20:00:00Z
20200308,PA,Pennsylvania,4,,,,,4,2020-03-08T20:00:00Z
20200308,MD,Maryland,3,52,,,,55,2020-03-08T20:00:00Z
20200308,RI,Rhode Island,3,30,12,,,45,2020-03-08T20:00:00Z
20200308,TN,Tennessee,3,,,,,3,2020-03-08T20:00:00Z
20200308,VA,Virginia,2,36,6,,,44,2020-03-08T20:00:00Z
20200308,SC,South Carolina,2,8,,,,10,2020-03-08T20:00:00Z
20200308,IN,Indiana,2,,,,,2,2020-03-08T20:00:00Z
20200308,NC,North Carolina,2,,,,,2,2020-03-08T20:00:00Z
20200308,MN,Minnesota,1,48,,,,49,2020-03-08T20:00:00Z
20200308,WI,Wisconsin,1,31,12,,,44,2020-03-08T20:00:00Z
20200308,CT,Connecticut,1,29,8,,,38,2020-03-08T20:00:00Z
20200308,VT,Vermont,1,28,,,,29,2020-03-08T20:00:00Z
20200308,NE,Nebraska,1,17,5,,,23,2020-03-08T20:00:00Z
20200308,NV,Nevada,1,14,,,,15,2020-03-08T20:00:00Z
20200308,KY,Kentucky,1,13,,,,14,2020-03-08T20:00:00Z
20200308,KS,Kansas,1,11,0,,,12,2020-03-08T20:00:00Z
20200308,DC,Dist. of Columbia,1,10,0,,,11,2020-03-08T20:00:00Z
20200308,OK,Oklahoma,1,8,2,,,11,2020-03-08T20:00:00Z
20200308,HI,Hawaii,1,,,,,1,2020-03-08T20:00:00Z
20200308,MO,Missouri,1,,,,,1,2020-03-08T20:00:00Z
20200308,UT,Utah,1,,,,,1,2020-03-08T20:00:00Z
20200308,NM,New Mexico,0,48,0,,,48,2020-03-08T20:00:00Z
20200308,MI,Michigan,0,26,10,,,36,2020-03-08T20:00:00Z
20200308,ID,Idaho,0,27,,,,27,2020-03-08T20:00:00Z
20200308,AK,Alaska,0,14,6,,,20,2020-03-08T20:00:00Z
20200308,IA,Iowa,0,15,2,,,17,2020-03-08T20:00:00Z
20200308,OH,Ohio,0,10,4,,,14,2020-03-08T20:00:00Z
20200308,MT,Montana,0,11,,,,11,2020-03-08T20:00:00Z
20200308,DE,Delaware,0,10,0,,,10,2020-03-08T20:00:00Z
20200308,AR,Arkansas,0,6,0,,,6,2020-03-08T20:00:00Z
20200308,LA,Louisiana,0,5,,,,5,2020-03-08T20:00:00Z
20200308,SD,South Dakota,0,5,0,,,5,2020-03-08T20:00:00Z
20200308,WV,West Virginia,0,2,3,,,5,2020-03-08T20:00:00Z
20200308,ME,Maine,0,1,,,,1,2020-03-08T20:00:00Z
20200308,AL,Alabama,0,,,,,0,2020-03-08T20:00:00Z
20200308,MS,Mississippi,0,,,,,0,2020-03-08T20:00:00Z
20200308,ND,North Dakota,0,0,,,,0,2020-03-08T20:00:00Z
20200308,WY,Wyoming,0,,,,,0,2020-03-08T20:00:00Z
20200307,WA,Washington,102,370,66,,,538,2020-03-07T21:00:00Z
20200307,NY,New York,76,92,236,,,404,2020-03-07T21:00:00Z
20200307,CA,California,69,462,,,,531,2020-03-07T21:00:00Z
20200307,FL,Florida,14,100,88,,,202,2020-03-07T21:00:00Z
20200307,MA,Massachusetts,13,,,,,13,2020-03-07T21:00:00Z
20200307,CO,Colorado,8,55,69,,,132,2020-03-07T21:00:00Z
20200307,TX,Texas,8,,,,,8,2020-03-07T21:00:00Z
20200307,OR,Oregon,7,77,40,,,124,2020-03-07T21:00:00Z
20200307,IL,Illinois,6,191,44,,,241,2020-03-07T21:00:00Z
20200307,GA,Georgia,6,,,,,6,2020-03-07T21:00:00Z
20200307,AZ,Arizona,5,44,7,,,56,2020-03-07T21:00:00Z
20200307,NJ,New Jersey,4,,1,,,5,2020-03-07T21:00:00Z
20200307,MD,Maryland,3,41,,,,44,2020-03-07T21:00:00Z
20200307,NH,New Hampshire,2,20,3,,,25,2020-03-07T21:00:00Z
20200307,SC,South Carolina,2,8,,,,10,2020-03-07T21:00:00Z
20200307,NC,North Carolina,2,,,,,2,2020-03-07T21:00:00Z
20200307,PA,Pennsylvania,2,,,,,2,2020-03-07T21:00:00Z
20200307,RI,Rhode Island,2,,,,,2,2020-03-07T21:00:00Z
20200307,MN,Minnesota,1,48,,,,49,2020-03-07T21:00:00Z
20200307,WI,Wisconsin,1,31,12,,,44,2020-03-07T21:00:00Z
20200307,NE,Nebraska,1,17,5,,,23,2020-03-07T21:00:00Z
20200307,NV,Nevada,1,14,,,,15,2020-03-07T21:00:00Z
20200307,KY,Kentucky,1,9,,,,10,2020-03-07T21:00:00Z
20200307,HI,Hawaii,1,,,,,1,2020-03-07T21:00:00Z
20200307,IN,Indiana,1,,,,,1,2020-03-07T21:00:00Z
20200307,OK,Oklahoma,1,,,,,1,2020-03-07T21:00:00Z
20200307,TN,Tennessee,1,,,,,1,2020-03-07T21:00:00Z
20200307,UT,Utah,1,,,,,1,2020-03-07T21:00:00Z
20200307,NM,New Mexico,0,48,0,,,48,2020-03-07T21:00:00Z
20200307,VA,Virginia,0,31,7,,,38,2020-03-07T21:00:00Z
20200307,ID,Idaho,0,27,,,,27,2020-03-07T21:00:00Z
20200307,MI,Michigan,0,18,9,,,27,2020-03-07T21:00:00Z
20200307,IA,Iowa,0,15,2,,,17,2020-03-07T21:00:00Z
20200307,VT,Vermont,0,16,,,,16,2020-03-07T21:00:00Z
20200307,AK,Alaska,0,12,2,,,14,2020-03-07T21:00:00Z
20200307,OH,Ohio,0,9,5,,,14,2020-03-07T21:00:00Z
20200307,KS,Kansas,0,11,2,,,13,2020-03-07T21:00:00Z
20200307,MT,Montana,0,11,,,,11,2020-03-07T21:00:00Z
20200307,DE,Delaware,0,10,0,,,10,2020-03-07T21:00:00Z
20200307,DC,Dist. of Columbia,0,8,1,,,9,2020-03-07T21:00:00Z
20200307,AR,Arkansas,0,6,0,,,6,2020-03-07T21:00:00Z
20200307,SD,South Dakota,0,5,0,,,5,2020-03-07T21:00:00Z
20200307,WV,West Virginia,0,2,3,,,5,2020-03-07T21:00:00Z
20200307,ME,Maine,0,1,,,,1,2020-03-07T21:00:00Z
20200307,LA,Louisiana,0,,,,,0,2020-03-07T21:00:00Z
20200307,MO,Missouri,0,,,,,0,2020-03-07T21:00:00Z
20200307,MS,Mississippi,0,,,,,0,2020-03-07T21:00:00Z
20200307,ND,North Dakota,0,0,,,,0,2020-03-07T21:00:00Z
20200307,WY,Wyoming,0,,,,,0,2020-03-07T21:00:00Z
20200307,AL,Alabama,0,,,,,0,2020-03-07T21:00:00Z
20200307,CT,Connecticut,0,,,,,0,2020-03-07T21:00:00Z
20200306,WA,Washington,79,370,,,,449,2020-03-06T21:00:00Z
20200306,CA,California,60,462,,,,522,2020-03-06T21:00:00Z
20200306,NY,New York,33,92,236,,,361,2020-03-06T21:00:00Z
20200306,FL,Florida,9,55,51,,,115,2020-03-06T21:00:00Z
20200306,MA,Massachusetts,8,,,,,8,2020-03-06T21:00:00Z
20200306,IL,Illinois,5,180,35,,,220,2020-03-06T21:00:00Z
20200306,TX,Texas,5,,,,,5,2020-03-06T21:00:00Z
20200306,AZ,Arizona,3,33,15,,,51,2020-03-06T21:00:00Z
20200306,MD,Maryland,3,26,12,,,41,2020-03-06T21:00:00Z
20200306,OR,Oregon,3,64,28,,,95,2020-03-06T21:00:00Z
20200306,CO,Colorado,2,46,30,,,78,2020-03-06T21:00:00Z
20200306,GA,Georgia,2,,,,,2,2020-03-06T21:00:00Z
20200306,NC,North Carolina,2,,,,,2,2020-03-06T21:00:00Z
20200306,NH,New Hampshire,2,20,3,,,25,2020-03-06T21:00:00Z
20200306,PA,Pennsylvania,2,,,,,2,2020-03-06T21:00:00Z
20200306,IN,Indiana,1,,,,,1,2020-03-06T21:00:00Z
20200306,NJ,New Jersey,1,,,,,1,2020-03-06T21:00:00Z
20200306,NV,Nevada,1,14,,,,15,2020-03-06T21:00:00Z
20200306,TN,Tennessee,1,,,,,1,2020-03-06T21:00:00Z
20200306,WI,Wisconsin,1,31,12,,,44,2020-03-06T21:00:00Z
20200306,AK,Alaska,0,8,1,,,9,2020-03-06T21:00:00Z
20200306,AR,Arkansas,0,6,0,,,6,2020-03-06T21:00:00Z
20200306,DC,Dist. of Columbia,0,8,1,,,9,2020-03-06T21:00:00Z
20200306,DE,Delaware,0,10,0,,,10,2020-03-06T21:00:00Z
20200306,IA,Iowa,0,15,2,,,17,2020-03-06T21:00:00Z
20200306,KS,Kansas,0,4,0,,,4,2020-03-06T21:00:00Z
20200306,KY,Kentucky,0,7,3,,,10,2020-03-06T21:00:00Z
20200306,MI,Michigan,0,8,8,,,16,2020-03-06T21:00:00Z
20200306,MN,Minnesota,0,36,,,,36,2020-03-06T21:00:00Z
20200306,NE,Nebraska,0,17,5,,,22,2020-03-06T21:00:00Z
20200306,NM,New Mexico,0,16,0,,,16,2020-03-06T21:00:00Z
20200306,OH,Ohio,0,8,2,,,10,2020-03-06T21:00:00Z
20200306,SC,South Carolina,0,5,0,,,5,2020-03-06T21:00:00Z
20200306,VA,Virginia,0,21,10,,,31,2020-03-06T21:00:00Z
20200306,VT,Vermont,0,8,,,,8,2020-03-06T21:00:00Z
20200306,WV,West Virginia,0,1,4,,,5,2020-03-06T21:00:00Z
20200305,WA,Washington,70,,,,,70,2020-03-05T21:00:00Z
20200305,CA,California,53,462,,,,515,2020-03-05T21:00:00Z
20200305,NY,New York,22,76,24,,,122,2020-03-05T21:00:00Z
20200305,FL,Florida,9,31,69,,,109,2020-03-05T21:00:00Z
20200305,IL,Illinois,5,165,27,,,197,2020-03-05T21:00:00Z
20200305,OR,Oregon,3,45,13,,,61,2020-03-05T21:00:00Z
20200305,AZ,Arizona,2,28,6,,,36,2020-03-05T21:00:00Z
20200305,GA,Georgia,2,,,,,2,2020-03-05T21:00:00Z
20200305,MA,Massachusetts,2,,,,,2,2020-03-05T21:00:00Z
20200305,NH,New Hampshire,2,16,4,,,22,2020-03-05T21:00:00Z
20200305,NC,North Carolina,1,,,,,1,2020-03-05T21:00:00Z
20200305,NJ,New Jersey,1,,,,,1,2020-03-05T21:00:00Z
20200305,NV,Nevada,1,14,,,,15,2020-03-05T21:00:00Z
20200305,TN,Tennessee,1,,,,,1,2020-03-05T21:00:00Z
20200305,TX,Texas,1,,,,,1,2020-03-05T21:00:00Z
20200305,WI,Wisconsin,1,19,6,,,26,2020-03-05T21:00:00Z
20200305,CO,Colorado,0,19,21,,,40,2020-03-05T21:00:00Z
20200305,DC,Dist. of Columbia,0,6,2,,,8,2020-03-05T21:00:00Z
20200305,MI,Michigan,0,8,0,,,8,2020-03-05T21:00:00Z
20200305,NE,Nebraska,0,17,5,,,22,2020-03-05T21:00:00Z
20200305,OH,Ohio,0,7,3,,,10,2020-03-05T21:00:00Z
20200305,SC,South Carolina,0,5,0,,,5,2020-03-05T21:00:00Z
20200305,VA,Virginia,0,18,3,,,21,2020-03-05T21:00:00Z
20200305,MD,Maryland,0,17,14,,,31,2020-03-05T21:00:00Z
20200304,AZ,Arizona,2,27,5,,,34,2020-03-04T21:00:00Z
20200304,CA,California,53,462,,,,515,2020-03-04T21:00:00Z
20200304,FL,Florida,2,24,16,,,42,2020-03-04T21:00:00Z
20200304,GA,Georgia,2,,,,,2,2020-03-04T21:00:00Z
20200304,IL,Illinois,4,124,27,,,155,2020-03-04T21:00:00Z
20200304,MA,Massachusetts,2,,,,,2,2020-03-04T21:00:00Z
20200304,NC,North Carolina,1,,,,,1,2020-03-04T21:00:00Z
20200304,NH,New Hampshire,2,10,7,,,19,2020-03-04T21:00:00Z
20200304,NY,New York,6,48,24,,,78,2020-03-04T21:00:00Z
20200304,OR,Oregon,3,29,18,,,50,2020-03-04T21:00:00Z
20200304,SC,South Carolina,0,5,0,,,5,2020-03-04T21:00:00Z
20200304,TX,Texas,1,,,,,1,2020-03-04T21:00:00Z
20200304,WA,Washington,39,,,,,39,2020-03-04T21:00:00Z
20200304,WI,Wisconsin,1,19,6,,,26,2020-03-04T21:00:00Z
